Lake Zurich,Illinois,IL,USA,42.19696889999999,-88.0934108
La Palma,California,CA,USA,33.846404,-118.0467306
Buena Park,California,CA,USA,33.8675143,-117.9981181
Culver City,California,CA,USA,34.0211224,-118.3964665
Long Beach,California,CA,USA,33.7700504,-118.1937395
Novato,California,CA,USA,38.1074198,-122.5697032
Pleasanton,California,CA,USA,37.6624312,-121.8746789
Rancho Cucamonga,California,CA,USA,34.10639889999999,-117.5931084
Aurora,Colorado,CO,USA,39.7294319,-104.8319195
Fort Myers,Florida,FL,USA,26.640628,-81.8723084
Elk Grove Village,Illinois,IL,USA,42.0039178,-87.9703461
Lenexa,Kansas,KS,USA,38.9536174,-94.73357089999999
Dearborn,Michigan,MI,USA,42.3222599,-83.17631449999999
Sunset Hills,Missouri,MO,USA,38.5389423,-90.407341
Roseland,New Jersey,NJ,USA,40.8206555,-74.2937594
Liverpool,New York,NY,USA,43.106456,-76.21770459999999
Williamsville,New York,NY,USA,42.963947,-78.73780909999999
Findlay,Ohio,OH,USA,41.04422,-83.6499321
Clackamas,Oregon,OR,USA,45.4076205,-122.5703692
Coraopolis,Pennsylvania,PA,USA,40.5184013,-80.1667247
South Jordan,Utah,UT,USA,40.5621704,-111.929658
Chester,,,UK,53.193392,-2.893075
Agoura Hills,California,CA,USA,34.1533395,-118.7616764
Glastonbury,Connecticut,CT,USA,41.6861794,-72.5450779
Westport,Connecticut,CT,USA,41.1414717,-73.3579049
Clayton,Missouri,MO,USA,38.6425518,-90.32372629999999
Hopewell,New Jersey,NJ,USA,40.343784,-74.8156199
Pennington,New Jersey,NJ,USA,40.3284402,-74.790718
Montpellier,,,France,43.610769,3.876716
Halle,,,Germany,51.4969802,11.9688029
Bayan Lepas,,,Malaysia,5.294464,100.2593272
lodzkie,,,Poland,51.4634771,19.1726974
Edinburgh,,,UK,55.953252,-3.188267
Taguig City,,,Philippines,14.5176184,121.0508645
Melbourne,VIC,VIC,Australia,-37.814107,144.96328
Frankfurt am Main,,,Germany,50.1109221,8.6821267
Col. Lomas De Chapultepec,,,Mexico,19.420556,-99.21888899999999
Playa Vista,California,CA,USA,33.97278980000001,-118.4275776
Broadview Heights,Ohio,OH,USA,41.3139426,-81.6851271
The Woodlands,Texas,TX,USA,30.1658207,-95.46126249999999
Botany,NSW,NSW,Australia,-33.9443842,151.1962869
Macquarie Park,NSW,NSW,Australia,-33.7758202,151.1194285
Pymble,NSW,NSW,Australia,-33.744008,151.1417871
Melbourne,VC,VC,Australia,-37.814107,144.96328
Wavre,,,Belgium,50.7158956,4.6128075
Field,Nova Scotia,NS,Canada,45.8716893,-63.7811551
Field,Quebec,QC,Canada,46.523533,-80.024271
St. Laurent,Quebec,QC,Canada,45.4985638,-73.74975669999999
Jiaxing,,,China,30.753924,120.758543
Alajuela,,,Costa Rica,10.391583,-84.4382721
,,,Dominican Republic,18.735693,-70.162651
,,,Egypt,26.820553,30.802498
Rungis,,,France,48.749358,2.349936
Baden-WÃ¼rttemberg,,,Germany,48.6616037,9.3501336
Wetzlar,,,Germany,50.5589802,8.508164599999999
Witten,,,Germany,51.4438926,7.353197000000001
Pondok Indah,,,Indonesia,-6.26586,106.78377
Clonmel,,,Ireland,52.3558172,-7.6902551
Cootehill,,,Ireland,54.0725034,-7.0823541
Finisklin Sligo,,,Ireland,54.2782948,-8.510143099999999
Longford,,,Ireland,53.7275564,-7.793108999999999
Santry,,,Ireland,53.3995925,-6.2440083
Westport,,,Ireland,53.80213070000001,-9.514346699999999
Campoverde di Aprilia,,,Italy,41.5391677,12.7298539
Groningen,,,Netherlands,53.2193835,6.566501799999999
Olst,,,Netherlands,52.3377894,6.1141253
Weesp,,,Netherlands,52.3080507,5.0406217
Zwolle,,,Netherlands,52.5167747,6.083021899999999
Anasco,,,Puerto Rico,18.283056,-67.141389
Rostov,,,Russia,47.23333299999999,39.7
Stavropol,,,Russia,45.05,41.98333299999999
Yaroslavl,,,Russia,57.62607440000001,39.8844708
Jiddah,,,Saudi Arabia,21.543333,39.17277800000001
Basel,,,Switzerland,47.5674422,7.597550699999999
Witney,,,UK,51.7859365,-1.4850544
Casa Grande,Arizona,AZ,USA,32.8795022,-111.7573521
Alameda,California,CA,USA,37.7652065,-122.2416355
Temecula,California,CA,USA,33.4936391,-117.1483648
Field,Connecticut,CT,USA,39.7952064,-105.098443
Hollywood,Florida,FL,USA,26.0112014,-80.1494901
Abbott Park,Illinois,IL,USA,42.304505,-87.8960712
Des Plaines,Illinois,IL,USA,42.0333623,-87.88339909999999
Richmond,Indiana,IN,USA,39.8289369,-84.8902382
Hagerstown,Maryland,MD,USA,39.6417629,-77.71999319999999
Sturgis,Michigan,MI,USA,41.799217,-85.41914820000001
Cherry Hill,New Jersey,NJ,USA,39.926813,-75.0246312
Garden City,New York,NY,USA,40.7267682,-73.6342954
Tipp City,Ohio,OH,USA,39.9583892,-84.17216379999999
Albertslund,,,Denmark,55.659616,12.357064
Chennai,,,India,13.0826802,80.2707184
Seoul,,,Korea,37.566535,126.9779692
Muntinlupa City,,,Philippines,14.4081327,121.0414667
Solna,,,Sweden,59.36887909999999,18.0084334
Abilene,Texas,TX,USA,32.4487364,-99.73314390000002
Abingdon,Virginia,VA,USA,36.70983349999999,-81.9773482
Abington,Pennsylvania,PA,USA,40.1198332,-75.1253492
Adelphi,Maryland,MD,USA,39.0031656,-76.97192
Aiken,South Carolina,SC,USA,33.5604168,-81.7195533
Alamogordo,New Mexico,NM,USA,32.8995325,-105.960265
Albemarle,North Carolina,NC,USA,35.3501426,-80.2000578
Alexandria,Minnesota,MN,USA,45.8848164,-95.3776663
Allen Park,Michigan,MI,USA,42.2575385,-83.2110375
Alpena,Michigan,MI,USA,45.0616794,-83.4327528
Altoona,Pennsylvania,PA,USA,40.5186809,-78.3947359
Amarillo,Texas,TX,USA,35.2219971,-101.8312969
American Fork,Utah,UT,USA,40.3768954,-111.7957645
Americus,Georgia,GA,USA,32.0723861,-84.23268759999999
Ames,Iowa,IA,USA,42.034722,-93.61999999999999
Anderson,South Carolina,SC,USA,34.5034394,-82.6501332
Ankeny,Iowa,IA,USA,41.7317884,-93.6001278
Ann Arbor,Michigan,MI,USA,42.2808256,-83.7430378
Annapolis,Maryland,MD,USA,38.9784453,-76.4921829
Apex,North Carolina,NC,USA,35.732652,-78.85028559999999
Apple Valley,Minnesota,MN,USA,44.7319094,-93.21772000000001
Apple Valley,California,CA,USA,34.5008311,-117.1858759
Arden,North Carolina,NC,USA,35.4661613,-82.5166982
Ardmore,Pennsylvania,PA,USA,40.0067785,-75.2854622
Arlington,Tennessee,TN,USA,35.2961973,-89.661469
Ashburn,Virginia,VA,USA,39.0437567,-77.4874416
Asheboro,North Carolina,NC,USA,35.7079146,-79.8136446
Ashland,Ohio,OH,USA,40.8686675,-82.3182178
Ashtabula,Ohio,OH,USA,41.8650534,-80.7898089
Ashwaubenon,Wisconsin,WI,USA,44.4822137,-88.0701033
Athens,Tennessee,TN,USA,35.4428512,-84.5929898
Atmore,Alabama,AL,USA,31.0237921,-87.4938708
Austell,Georgia,GA,USA,33.8126059,-84.6343783
Avon,Massachusetts,MA,USA,42.13065539999999,-71.0411582
Avondale,Arizona,AZ,USA,33.4355977,-112.3496021
Ayer,Massachusetts,MA,USA,42.5611947,-71.58990539999999
Baileys Crossroads,Virginia,VA,USA,38.8502289,-77.13107889999999
Bangor,Maine,ME,USA,44.80118210000001,-68.77781379999999
Basking Ridge,New Jersey,NJ,USA,40.7066174,-74.5493284
Battle Creek,Michigan,MI,USA,42.3211522,-85.17971419999999
Bay Shore,New York,NY,USA,40.7250986,-73.2453946
Beachwood,Ohio,OH,USA,41.4644979,-81.5087322
Beaufort,South Carolina,SC,USA,32.4315813,-80.6698286
Beaumont,California,CA,USA,33.9294606,-116.977248
Beavercreek,Ohio,OH,USA,39.7092262,-84.06326849999999
Belle Vernon,Pennsylvania,PA,USA,40.1250725,-79.8664356
Bellingham,Massachusetts,MA,USA,42.0867608,-71.47458809999999
Belton,Missouri,MO,USA,38.8119527,-94.5318982
Bemidji,Minnesota,MN,USA,47.4875361,-94.8858492
Bensalem,Pennsylvania,PA,USA,40.1125548,-74.94351379999999
Benton,Arkansas,AR,USA,34.5645371,-92.586828
Berwyn,Illinois,IL,USA,41.85058739999999,-87.7936685
Bessemer,Alabama,AL,USA,33.4017766,-86.954437
Big Rapids,Michigan,MI,USA,43.6980782,-85.4836557
Billings,Montana,MT,USA,45.7832856,-108.5006904
Bishop,California,CA,USA,37.3614238,-118.3996636
Blaine,Minnesota,MN,USA,45.1607987,-93.23494889999999
Blasdell,New York,NY,USA,42.797281,-78.8233661
Bloomington,Minnesota,MN,USA,44.840798,-93.2982799
Bluffton,South Carolina,SC,USA,32.2371465,-80.8603868
Boone,North Carolina,NC,USA,36.216795,-81.6745517
Bowie,Maryland,MD,USA,39.0067768,-76.77913649999999
Bowling Green,Ohio,OH,USA,41.3747744,-83.6513229
Boylston,Massachusetts,MA,USA,42.3889953,-71.69081419999999
Boynton Beach,Florida,FL,USA,26.5317866,-80.0905465
Bozeman,Montana,MT,USA,45.6769979,-111.0429339
Braintree,Massachusetts,MA,USA,42.2079017,-71.0040013
Branchburg,New Jersey,NJ,USA,40.58681139999999,-74.69858909999999
Brentwood,California,CA,USA,37.931868,-121.6957863
Bridgeville,Pennsylvania,PA,USA,40.3561805,-80.1100556
Brighton,Colorado,CO,USA,39.9852617,-104.8205283
Bristol,Virginia,VA,USA,36.595141,-82.1888089
Bronx,New York,NY,USA,40.8370495,-73.86542949999999
Brookfield,Connecticut,CT,USA,41.4825947,-73.4095652
Brookfield,Wisconsin,WI,USA,43.0605671,-88.1064787
Brooksville,Florida,FL,USA,28.5552719,-82.3878709
Broomall,Pennsylvania,PA,USA,39.967933,-75.347048
Brownsville,Texas,TX,USA,25.9017472,-97.4974838
Buffalo,New York,NY,USA,42.88644679999999,-78.8783689
Burleson,Texas,TX,USA,32.5420821,-97.3208492
Burlington,New Jersey,NJ,USA,40.071222,-74.86488729999999
Burlington,North Carolina,NC,USA,36.0956918,-79.43779909999999
Butler,Pennsylvania,PA,USA,40.8611755,-79.89533279999999
Cadillac,Michigan,MI,USA,44.2519526,-85.40116189999999
California,Maryland,MD,USA,38.3004029,-76.5074542
Camarillo,California,CA,USA,34.2163937,-119.0376023
Cambridge,Ohio,OH,USA,40.031183,-81.5884561
Canoga Park,California,CA,USA,34.208254,-118.6058609
Canton,Georgia,GA,USA,34.2367621,-84.4907621
Canton,Ohio,OH,USA,40.79894729999999,-81.378447
Cape Coral,Florida,FL,USA,26.5628537,-81.9495331
Capitol Heights,Maryland,MD,USA,38.8851122,-76.9158068
Carmel,Indiana,IN,USA,39.978371,-86.1180435
Casper,Wyoming,WY,USA,42.866632,-106.313081
Cedar Hill,Texas,TX,USA,32.5884689,-96.9561152
Cedar Park,Texas,TX,USA,30.505198,-97.8202888
Centennial,Colorado,CO,USA,39.5807452,-104.8771726
Centerville,Ohio,OH,USA,39.6283928,-84.15938179999999
Chambersburg,Pennsylvania,PA,USA,39.9375911,-77.6611022
Charlottesville,Virginia,VA,USA,38.0293059,-78.47667810000002
Cheektowaga,New York,NY,USA,42.9026136,-78.74457199999999
Cheyenne,Wyoming,WY,USA,41.1399814,-104.8202462
Chickasha,Oklahoma,OK,USA,35.052565,-97.93643259999999
Chico,California,CA,USA,39.7284944,-121.8374777
City Of Industry,California,CA,USA,34.0197335,-117.9586754
Clarksville,Indiana,IN,USA,38.2967362,-85.759963
Clearwater,Florida,FL,USA,27.9658533,-82.8001026
Clemmons,North Carolina,NC,USA,36.0215258,-80.3819984
Clermont,Florida,FL,USA,28.5494447,-81.77285429999999
Cleveland,Tennessee,TN,USA,35.1595182,-84.8766115
Cleveland,Texas,TX,USA,30.34132,-95.0854885
Clifton Park,New York,NY,USA,42.844668,-73.8183804
Clinton,Maryland,MD,USA,38.7651145,-76.8983059
Clive,Iowa,IA,USA,41.6060873,-93.77235999999999
Clovis,California,CA,USA,36.8252277,-119.7029194
Clovis,New Mexico,NM,USA,34.4047987,-103.2052272
Coconut Creek,Florida,FL,USA,26.2517482,-80.17893509999999
College Place,Washington,WA,USA,46.0493026,-118.3883012
Colonial Heights,Virginia,VA,USA,37.244039,-77.4102607
Columbia,Tennessee,TN,USA,35.6150716,-87.0352831
Columbia,Maryland,MD,USA,39.2037144,-76.86104619999999
Columbus,Nebraska,NE,USA,41.43029730000001,-97.3593904
Comstock Park,Michigan,MI,USA,43.0386368,-85.67003319999999
Concord,North Carolina,NC,USA,35.4087517,-80.579511
Cookeville,Tennessee,TN,USA,36.162839,-85.5016423
Coon Rapids,Minnesota,MN,USA,45.1732394,-93.30300629999999
Coral Springs,Florida,FL,USA,26.271192,-80.2706044
Cordele,Georgia,GA,USA,31.9635074,-83.7823938
Corpus Christi,Texas,TX,USA,27.8005828,-97.39638099999999
Corte Madera,California,CA,USA,37.9254806,-122.5274755
Coshocton,Ohio,OH,USA,40.2720151,-81.8595756
Council Bluffs,Iowa,IA,USA,41.2619444,-95.8608333
Covington,Georgia,GA,USA,33.5967815,-83.8601827
Covington,Louisiana,LA,USA,30.4754702,-90.1009108
Cranberry Twp,Pennsylvania,PA,USA,40.6849626,-80.1071379
Crossville,Tennessee,TN,USA,35.9489566,-85.0269014
Cumberland,Maryland,MD,USA,39.6528654,-78.7625185
Cuyahoga Falls,Ohio,OH,USA,41.1339449,-81.48455849999999
Cypress,California,CA,USA,33.8169599,-118.0372852
Dallas/Fort Worth Airport,Texas,TX,USA,32.8998091,-97.0403352
Dalton,Georgia,GA,USA,34.7698021,-84.9702228
Dartmouth,Massachusetts,MA,USA,41.6130323,-70.9704787
Del Mar,California,CA,USA,32.9594891,-117.2653146
Delafield,Wisconsin,WI,USA,43.060842,-88.4037079
Delaware,Ohio,OH,USA,40.2986724,-83.067965
Denham Springs,Louisiana,LA,USA,30.48685639999999,-90.95621249999999
Denver,North Carolina,NC,USA,35.5316576,-81.0295793
Deptford,New Jersey,NJ,USA,39.8227054,-75.11951069999999
Derby,Kansas,KS,USA,37.5455735,-97.2689331
Destin,Florida,FL,USA,30.3935337,-86.4957833
DFW Airport,Texas,TX,USA,32.8998091,-97.0403352
Diberville,Mississippi,MS,USA,30.4263092,-88.89086379999999
Dickson,Tennessee,TN,USA,36.0770048,-87.3877899
Dixon,Illinois,IL,USA,41.8389213,-89.47954779999999
Douglasville,Georgia,GA,USA,33.7514966,-84.7477136
Dover,Delaware,DE,USA,39.158168,-75.5243682
Dover,New Jersey,NJ,USA,40.883988,-74.5621025
Downey,California,CA,USA,33.9401088,-118.1331593
Downingtown,Pennsylvania,PA,USA,40.0064958,-75.7032742
Draper,Utah,UT,USA,40.5246711,-111.8638226
Dublin,California,CA,USA,37.7021521,-121.9357918
Dublin,Georgia,GA,USA,32.5404447,-82.90375399999999
Duluth,Minnesota,MN,USA,46.78667189999999,-92.1004852
Duluth,Georgia,GA,USA,34.0028786,-84.1446376
Dumas,Texas,TX,USA,35.8653789,-101.9732236
Duncan,Oklahoma,OK,USA,34.5023028,-97.9578128
Dyersburg,Tennessee,TN,USA,36.0345159,-89.38562809999999
Eagan,Minnesota,MN,USA,44.8041322,-93.1668858
Easley,South Carolina,SC,USA,34.829838,-82.6015206
East Ellijay,Georgia,GA,USA,34.6839746,-84.4727049
East Hanover,New Jersey,NJ,USA,40.8200623,-74.3647247
East Liverpool,Ohio,OH,USA,40.6186756,-80.5772928
East Northport,New York,NY,USA,40.8767647,-73.3245613
East Peoria,Illinois,IL,USA,40.666149,-89.5800978
Edmond,Oklahoma,OK,USA,35.6528323,-97.47809540000002
El Cajon,California,CA,USA,32.7947731,-116.9625269
El Centro,California,CA,USA,32.792,-115.5630514
El Cerrito,California,CA,USA,37.9161326,-122.310765
Elgin,South Carolina,SC,USA,34.17098259999999,-80.794252
Elk Grove,California,CA,USA,38.4087993,-121.3716178
Elk River,Minnesota,MN,USA,45.33772829999999,-93.56911219999999
Elkhart,Indiana,IN,USA,41.6819935,-85.9766671
Elmhurst,New York,NY,USA,40.737975,-73.8801301
Elyria,Ohio,OH,USA,41.3683798,-82.10764859999999
Encinitas,California,CA,USA,33.0369867,-117.2919818
Encino,California,CA,USA,34.1517492,-118.5214282
Erie,Pennsylvania,PA,USA,42.12922409999999,-80.085059
Eureka,California,CA,USA,40.8020712,-124.1636729
Evans,Georgia,GA,USA,33.5337464,-82.1306747
Exeter,California,CA,USA,36.2960613,-119.1420517
Fairview Park,Ohio,OH,USA,41.4414366,-81.8643039
Fall River,Massachusetts,MA,USA,41.7014912,-71.1550451
Fargo,North Dakota,ND,USA,46.8771863,-96.7898034
Farmington,Missouri,MO,USA,37.7808846,-90.4217895
Fenton,Michigan,MI,USA,42.7978061,-83.7049498
Fishkill,New York,NY,USA,41.53564919999999,-73.89902520000001
Fitchburg,Wisconsin,WI,USA,43.0023146,-89.424092
Flagstaff,Arizona,AZ,USA,35.1982836,-111.651302
Flowood,Mississippi,MS,USA,32.3095903,-90.13897569999999
Fontana,California,CA,USA,34.0922335,-117.435048
Forest City,North Carolina,NC,USA,35.3340108,-81.8651028
Forest Hills,New York,NY,USA,40.7195597,-73.84475499999999
Forsyth,Illinois,IL,USA,39.9325368,-88.9511912
Fort Bragg,North Carolina,NC,USA,35.1414552,-79.0079949
Fort Gratiot,Michigan,MI,USA,43.0386178,-82.476888
Fort Oglethorpe,Georgia,GA,USA,34.9489645,-85.2569
Fort Walton Beach,Florida,FL,USA,30.42007079999999,-86.6170308
Framingham,Massachusetts,MA,USA,42.279286,-71.4161565
Franklin,Ohio,OH,USA,39.5589474,-84.30410739999999
Franklin,Wisconsin,WI,USA,42.888627,-88.03841949999999
Frederick,Maryland,MD,USA,39.41426879999999,-77.4105409
Fredericksburg,Virginia,VA,USA,38.3031837,-77.4605399
Freehold,New Jersey,NJ,USA,40.2136754,-74.3000878
Fremont,Ohio,OH,USA,41.3503303,-83.1218634
Friendswood,Texas,TX,USA,29.5293998,-95.2010447
Fullerton,California,CA,USA,33.8703596,-117.9242966
Fuquay Varina,North Carolina,NC,USA,35.5843235,-78.80001279999999
Gallatin,Tennessee,TN,USA,36.3883809,-86.4466599
Garland,Texas,TX,USA,32.912624,-96.63888329999999
Gastonia,North Carolina,NC,USA,35.262082,-81.18730049999999
Gaylord,Michigan,MI,USA,45.0275126,-84.6747523
Georgetown,South Carolina,SC,USA,33.376834,-79.2944964
Germantown,Maryland,MD,USA,39.1731621,-77.2716502
Gilroy,California,CA,USA,37.0057816,-121.5682751
Glen Burnie,Maryland,MD,USA,39.1626084,-76.6246886
Glendale,Wisconsin,WI,USA,43.135288,-87.9356423
Goldsboro,North Carolina,NC,USA,35.3848841,-77.9927651
Grand Chute,Wisconsin,WI,USA,44.2815913,-88.4384087
Grand Island,Nebraska,NE,USA,40.9263957,-98.3420118
Grand Junction,Colorado,CO,USA,39.0638705,-108.5506486
Grand Rapids,Michigan,MI,USA,42.9633599,-85.6680863
Grandville,Michigan,MI,USA,42.9097484,-85.7630885
Grapevine,Texas,TX,USA,32.9342919,-97.0780654
Great Falls,Montana,MT,USA,47.4941836,-111.2833449
Greeley,Colorado,CO,USA,40.4233142,-104.7091322
Greeneville,Tennessee,TN,USA,36.1631574,-82.83098609999999
Greenfield,Wisconsin,WI,USA,42.9614039,-88.0125865
Greensboro,North Carolina,NC,USA,36.0726354,-79.7919754
Greensburg,Pennsylvania,PA,USA,40.3014581,-79.5389289
Greenville,North Carolina,NC,USA,35.612661,-77.3663538
Greenwood,Indiana,IN,USA,39.6136578,-86.10665259999999
Greenwood,Mississippi,MS,USA,33.5162315,-90.1795281
Greenwood,South Carolina,SC,USA,34.1954001,-82.1617883
Greenwood Village,Colorado,CO,USA,39.6172101,-104.9508141
Grove City,Ohio,OH,USA,39.88145189999999,-83.0929644
Gulfport,Mississippi,MS,USA,30.3674198,-89.0928155
Gurnee,Illinois,IL,USA,42.3702996,-87.90201859999999
Hadley,Massachusetts,MA,USA,42.3417565,-72.58842220000001
Hampton,Virginia,VA,USA,37.0298687,-76.34522179999999
Hanover,Massachusetts,MA,USA,42.1162217,-70.8476708
Harahan,Louisiana,LA,USA,29.9404826,-90.2031313
Harlingen,Texas,TX,USA,26.1906306,-97.69610259999999
Harrison,Arkansas,AR,USA,36.2297936,-93.1076765
Harrisonburg,Virginia,VA,USA,38.4495688,-78.8689155
Hartsdale,New York,NY,USA,41.0189863,-73.7981884
Harvey,Louisiana,LA,USA,29.9035387,-90.0772944
Hattiesburg,Mississippi,MS,USA,31.3271189,-89.29033919999999
Hawthorne,California,CA,USA,33.9164032,-118.3525748
Hays,Kansas,KS,USA,38.8791783,-99.3267702
Hazlet,New Jersey,NJ,USA,40.4289526,-74.16509909999999
Hemet,California,CA,USA,33.7475203,-116.9719684
Henderson,Nevada,NV,USA,36.0395247,-114.9817213
Henderson,North Carolina,NC,USA,36.3295905,-78.3991638
Hendersonville,North Carolina,NC,USA,35.3187279,-82.4609528
Hendersonville,Tennessee,TN,USA,36.3047735,-86.6199957
Herkimer,New York,NY,USA,43.0256259,-74.9859889
Hermiston,Oregon,OR,USA,45.8404101,-119.2894605
Hermitage,Pennsylvania,PA,USA,41.2333896,-80.44868
Hesperia,California,CA,USA,34.4263886,-117.3008784
Hialeah,Florida,FL,USA,25.8575963,-80.2781057
Hickory,North Carolina,NC,USA,35.7344538,-81.3444573
Hickory Hill,Illinois,IL,USA,38.4141762,-88.6530753
Highlands Ranch,Colorado,CO,USA,39.5480789,-104.9739333
Hilliard,Ohio,OH,USA,40.0333961,-83.1582451
Hillside,Illinois,IL,USA,41.8778084,-87.90283980000001
Hilo,Hawaii,HI,USA,19.7297222,-155.09
Hiram,Georgia,GA,USA,33.8756601,-84.7621592
Hixson,Tennessee,TN,USA,35.137265,-85.2368219
Hoffman Estates,Illinois,IL,USA,42.0629915,-88.12271989999999
Holland,Michigan,MI,USA,42.7875235,-86.1089301
Holyoke,Massachusetts,MA,USA,42.2042586,-72.6162009
Homestead,Pennsylvania,PA,USA,40.4059025,-79.9119948
Homewood,Alabama,AL,USA,33.4717732,-86.80082279999999
Hot Springs,Arkansas,AR,USA,34.5037004,-93.0551795
Houma,Louisiana,LA,USA,29.5957696,-90.71953479999999
Huber Heights,Ohio,OH,USA,39.843947,-84.12466080000002
Hudson,New York,NY,USA,42.2528649,-73.790959
Humble,Texas,TX,USA,29.99883119999999,-95.26215529999999
Huntersville,North Carolina,NC,USA,35.410694,-80.84285040000002
Huntington Beach,California,CA,USA,33.660297,-117.9992265
Huntington Park,California,CA,USA,33.9816812,-118.2250725
Huntington Station,New York,NY,USA,40.8534318,-73.4115091
Hurricane,West Virginia,WV,USA,38.4325896,-82.0201368
Hutchinson,Kansas,KS,USA,38.0608445,-97.92977429999999
Idaho Falls,Idaho,ID,USA,43.49165139999999,-112.0339645
Indiana,Pennsylvania,PA,USA,40.6214551,-79.15253489999999
Indio,California,CA,USA,33.7205771,-116.2155619
Inglewood,California,CA,USA,33.9616801,-118.3531311
Iron Mountain,Michigan,MI,USA,45.8202334,-88.0659603
Irvington,New Jersey,NJ,USA,40.7263249,-74.22864349999999
Irwindale,California,CA,USA,34.1069527,-117.9353413
Issaquah,Washington,WA,USA,47.5301011,-122.0326191
Ithaca,New York,NY,USA,42.4439614,-76.5018807
Jackson,Tennessee,TN,USA,35.6145169,-88.81394689999999
Jacksonville,Texas,TX,USA,31.963778,-95.27050419999999
Jacksonville,North Carolina,NC,USA,34.7540524,-77.4302414
Janesville,Wisconsin,WI,USA,42.6827885,-89.0187222
Johnson City,Tennessee,TN,USA,36.3134397,-82.3534727
Johnstown,Pennsylvania,PA,USA,40.32674069999999,-78.9219698
Johnstown,Colorado,CO,USA,40.3369272,-104.9121967
Kahului,Hawaii,HI,USA,20.8893351,-156.4729469
Kailua Kona,Hawaii,HI,USA,19.639994,-155.9969261
Kalamazoo,Michigan,MI,USA,42.2917069,-85.5872286
Kaneohe,Hawaii,HI,USA,21.3996475,-157.7973653
Kearney,Nebraska,NE,USA,40.69933030000001,-99.0816784
Kenner,Louisiana,LA,USA,29.9940924,-90.2417434
Kennewick,Washington,WA,USA,46.2112458,-119.1372338
Kingsport,Tennessee,TN,USA,36.548434,-82.5618186
Kingston,New York,NY,USA,41.9270367,-73.9973608
Kirkwood,Missouri,MO,USA,38.5833862,-90.406785
Knightdale,North Carolina,NC,USA,35.7876515,-78.4805563
La Habra,California,CA,USA,33.9319578,-117.9461734
La Jolla,California,CA,USA,32.8328112,-117.2712717
La Mesa,California,CA,USA,32.7678287,-117.0230839
La Quinta,California,CA,USA,33.6633573,-116.3100095
Lacey,Washington,WA,USA,47.03426289999999,-122.8231915
Laguna Niguel,California,CA,USA,33.5225261,-117.7075526
Lake Charles,Louisiana,LA,USA,30.2265949,-93.2173758
Lake Forest,California,CA,USA,33.6469661,-117.689218
Lake Grove,New York,NY,USA,40.8528761,-73.1151102
Lake Jackson,Texas,TX,USA,29.0338575,-95.4343859
Lakewood,Colorado,CO,USA,39.7047095,-105.0813734
Lakewood,California,CA,USA,33.8536269,-118.1339563
LaMarque,Texas,TX,USA,29.3685674,-94.9713134
Lancaster,California,CA,USA,34.6867846,-118.1541632
Lancaster,Pennsylvania,PA,USA,40.0378755,-76.3055144
Lancaster,Ohio,OH,USA,39.7136754,-82.5993294
Lancaster,South Carolina,SC,USA,34.7204257,-80.7709014
Laredo,Texas,TX,USA,27.5305671,-99.48032409999999
Las Cruces,New Mexico,NM,USA,32.3199396,-106.7636538
Latham,New York,NY,USA,42.7477661,-73.760537
Laurel,Maryland,MD,USA,39.0992752,-76.8483061
Laurel,Mississippi,MS,USA,31.6940509,-89.1306124
Lawrence,Kansas,KS,USA,38.9716689,-95.2352501
Layton,Utah,UT,USA,41.0602216,-111.9710529
League City,Texas,TX,USA,29.5074538,-95.0949303
Lebanon,Missouri,MO,USA,37.6805967,-92.6637865
Lebanon,Tennessee,TN,USA,36.2081098,-86.2911024
Lees Summit,Missouri,MO,USA,38.9108408,-94.3821724
Leesburg,Virginia,VA,USA,39.1156615,-77.56360149999999
Leominster,Massachusetts,MA,USA,42.5250906,-71.759794
Levelland,Texas,TX,USA,33.5873164,-102.37796
Lewis Center,Ohio,OH,USA,40.1983884,-83.0100987
Lexington,South Carolina,SC,USA,33.9815369,-81.2362107
Liberal,Kansas,KS,USA,37.0430812,-100.920999
Liberty,Texas,TX,USA,30.057993,-94.7954783
Lihue,Hawaii,HI,USA,21.9811111,-159.3711111
Lima,Ohio,OH,USA,40.742551,-84.1052256
Lincoln,Nebraska,NE,USA,40.8257625,-96.6851982
Lincoln Park,New Jersey,NJ,USA,40.9242652,-74.3020933
Lithonia,Georgia,GA,USA,33.7123305,-84.1051939
Littleton,Colorado,CO,USA,39.613321,-105.0166498
Livermore,California,CA,USA,37.6818745,-121.7680088
Livingston,New Jersey,NJ,USA,40.7862871,-74.3300842
Livonia,Michigan,MI,USA,42.36837,-83.35270969999999
Logan,Utah,UT,USA,41.7369803,-111.8338359
Logan,West Virginia,WV,USA,37.8487147,-81.9934581
Londonderry,New Hampshire,NH,USA,42.86512980000001,-71.3739272
Lone Tree,Colorado,CO,USA,39.536482,-104.8970678
Longmont,Colorado,CO,USA,40.1672068,-105.1019275
Longview,Texas,TX,USA,32.5007037,-94.74048909999999
Lowell,Massachusetts,MA,USA,42.6334247,-71.31617179999999
Lubbock,Texas,TX,USA,33.5778631,-101.8551665
Ludington,Michigan,MI,USA,43.9552825,-86.4525831
Lumberton,North Carolina,NC,USA,34.6182199,-79.0086424
Lunenburg,Massachusetts,MA,USA,42.5945273,-71.7245035
Lynwood,California,CA,USA,33.930293,-118.2114603
Madera,California,CA,USA,36.9613356,-120.0607176
Madison,Tennessee,TN,USA,36.25620019999999,-86.7143516
Maitland,Florida,FL,USA,28.6277767,-81.36312439999999
Manchester,New Hampshire,NH,USA,42.9956397,-71.4547891
Manhattan,Kansas,KS,USA,39.18360819999999,-96.57166939999999
Mankato,Minnesota,MN,USA,44.1635775,-93.99939959999999
Mansfield,Ohio,OH,USA,40.75839,-82.5154471
Maple Grove,Minnesota,MN,USA,45.0724642,-93.4557877
Marble Falls,Texas,TX,USA,30.5782446,-98.2728003
Marietta,Georgia,GA,USA,33.95260200000001,-84.5499327
Marietta,Ohio,OH,USA,39.41535200000001,-81.45484359999999
Marina Del Rey,California,CA,USA,33.9802893,-118.4517449
Marion,Ohio,OH,USA,40.5886699,-83.1285242
Marquette,Michigan,MI,USA,46.5475825,-87.39559539999999
Marshall,Texas,TX,USA,32.5448714,-94.36741839999999
Marysville,Washington,WA,USA,48.0517637,-122.1770818
Marysville,Ohio,OH,USA,40.2364486,-83.3671432
Mason City,Iowa,IA,USA,43.1535728,-93.20103669999999
Matthews,North Carolina,NC,USA,35.1168131,-80.72368039999999
Mayfield Heights,Ohio,OH,USA,41.5192189,-81.45789599999999
McAllen,Texas,TX,USA,26.2034071,-98.23001239999999
Mchenry,Illinois,IL,USA,42.333355,-88.2667534
Mckinney,Texas,TX,USA,33.1972465,-96.6397822
Meadville,Pennsylvania,PA,USA,41.6414438,-80.15144839999999
Medina,Ohio,OH,USA,41.143245,-81.8552196
Menands,New York,NY,USA,42.6920233,-73.72456389999999
Menifee,California,CA,USA,33.6971468,-117.185294
Mentor,Ohio,OH,USA,41.6661573,-81.339552
Meridian,Idaho,ID,USA,43.6121087,-116.3915131
Merriam,Kansas,KS,USA,39.0236165,-94.6935701
Merrick,New York,NY,USA,40.6628795,-73.55151599999999
Merritt Island,Florida,FL,USA,28.3180688,-80.6659842
Mesquite,Texas,TX,USA,32.76679550000001,-96.5991593
Middletown,New York,NY,USA,41.4459271,-74.42293409999999
Midland,Texas,TX,USA,31.9973456,-102.0779146
Midvale,Utah,UT,USA,40.6110589,-111.8999353
Midwest City,Oklahoma,OK,USA,35.4495065,-97.3967019
Millbury,Massachusetts,MA,USA,42.19207189999999,-71.761522
Minot,North Dakota,ND,USA,48.2329668,-101.2922906
Mira Loma,California,CA,USA,33.9845417,-117.5159449
Missoula,Montana,MT,USA,46.87871759999999,-113.996586
Mohegan Lake,New York,NY,USA,41.3178717,-73.8462467
Moline,Illinois,IL,USA,41.5067003,-90.51513419999999
Monaca,Pennsylvania,PA,USA,40.6872885,-80.2714505
Moncks Corner,South Carolina,SC,USA,33.1960027,-80.01313739999999
Monroe,Michigan,MI,USA,41.9164343,-83.3977101
Monroeville,Pennsylvania,PA,USA,40.4211798,-79.7881024
Montebello,California,CA,USA,34.0165053,-118.1137535
Monterey,California,CA,USA,36.6002378,-121.8946761
Montgomery,Alabama,AL,USA,32.3668052,-86.2999689
Montgomeryville,Pennsylvania,PA,USA,40.24732909999999,-75.2437853
Mooresville,North Carolina,NC,USA,35.5848596,-80.8100724
Morehead City,North Carolina,NC,USA,34.7229391,-76.7260436
Morgan Hill,California,CA,USA,37.1305012,-121.6543901
Morristown,Tennessee,TN,USA,36.2139814,-83.29489219999999
Mount Juliet,Tennessee,TN,USA,36.200055,-86.5186054
Mount Pleasant,Texas,TX,USA,33.1567863,-94.96826899999999
Mount Pleasant,Michigan,MI,USA,43.59780749999999,-84.7675139
Mount Pleasant,South Carolina,SC,USA,32.8323225,-79.82842579999999
Mount Vernon,Ohio,OH,USA,40.3933956,-82.4857181
Mount Vernon,Illinois,IL,USA,38.3172714,-88.9031201
Mt Pleasant,South Carolina,SC,USA,32.8323225,-79.82842579999999
Muncie,Indiana,IN,USA,40.1933767,-85.3863599
Muncy,Pennsylvania,PA,USA,41.2056373,-76.78551519999999
Murfreesboro,Tennessee,TN,USA,35.8456213,-86.39027
Murrieta,California,CA,USA,33.5539143,-117.2139232
Muscatine,Iowa,IA,USA,41.424473,-91.0432051
Myrtle Beach,South Carolina,SC,USA,33.6890603,-78.8866943
Nampa,Idaho,ID,USA,43.5407172,-116.5634624
Nanuet,New York,NY,USA,41.0887073,-74.01347299999999
Naples,Florida,FL,USA,26.1420358,-81.7948103
Natick,Massachusetts,MA,USA,42.2775281,-71.3468091
New Hartford,New York,NY,USA,43.073403,-75.2876661
New Iberia,Louisiana,LA,USA,30.0035365,-91.81872849999999
New Philadelphia,Ohio,OH,USA,40.4897871,-81.4456706
Newark,New Jersey,NJ,USA,40.735657,-74.1723667
Newburgh,New York,NY,USA,41.5034271,-74.0104178
Niagara Falls,New York,NY,USA,43.0962143,-79.0377388
Niles,Ohio,OH,USA,41.1828353,-80.76535799999999
Noblesville,Indiana,IN,USA,40.0455917,-86.0085955
Norfolk,Nebraska,NE,USA,42.03272339999999,-97.41375529999999
Norman,Oklahoma,OK,USA,35.2225668,-97.4394777
Norridge,Illinois,IL,USA,41.9633641,-87.82728399999999
North Attleboro,Massachusetts,MA,USA,41.9695516,-71.35654389999999
North Augusta,South Carolina,SC,USA,33.5018026,-81.9651152
North Bergen,New Jersey,NJ,USA,40.8042674,-74.012084
North Hatfield,Massachusetts,MA,USA,42.4111995,-72.6223117
North Huntingdon,Pennsylvania,PA,USA,40.3301883,-79.7307014
North Kingstown,Rhode Island,RI,USA,41.5568315,-71.4536835
North Myrtle Beach,South Carolina,SC,USA,33.8160058,-78.680016
North Olmsted,Ohio,OH,USA,41.4156025,-81.9234726
North Platte,Nebraska,NE,USA,41.1402759,-100.7601454
Northfield,New Jersey,NJ,USA,39.3703942,-74.5501546
Northville,Michigan,MI,USA,42.4311464,-83.4832692
O'Fallon,Missouri,MO,USA,38.8106075,-90.69984769999999
Odessa,Texas,TX,USA,31.8456816,-102.3676431
Olathe,Kansas,KS,USA,38.8813958,-94.81912849999999
Olean,New York,NY,USA,42.083639,-78.42992699999999
Olympia,Washington,WA,USA,47.0378741,-122.9006951
Onalaska,Wisconsin,WI,USA,43.8844092,-91.23513930000001
Ooltewah,Tennessee,TN,USA,35.0712154,-85.0817091
Orange,California,CA,USA,33.7877944,-117.8531119
Orange,Connecticut,CT,USA,41.278637,-73.0265277
Orange City,Florida,FL,USA,28.9488761,-81.2986741
Orangeburg,New York,NY,USA,41.0464858,-73.94958179999999
Orangeburg,South Carolina,SC,USA,33.4918203,-80.8556476
Oregon,Ohio,OH,USA,41.6436603,-83.48687679999999
Orem,Utah,UT,USA,40.2968979,-111.6946475
Orland Park,Illinois,IL,USA,41.6303103,-87.85394250000002
Oro Valley,Arizona,AZ,USA,32.3909071,-110.966488
Oviedo,Florida,FL,USA,28.669997,-81.20812029999999
Owatonna,Minnesota,MN,USA,44.0855572,-93.2259349
Oxnard,California,CA,USA,34.1975048,-119.1770516
Paducah,Kentucky,KY,USA,37.0833893,-88.6000478
Palatine,Illinois,IL,USA,42.1103041,-88.03424000000001
Palm Beach Gardens,Florida,FL,USA,26.8233946,-80.13865469999999
Palm Harbor,Florida,FL,USA,28.0780718,-82.7637127
Palm Springs,California,CA,USA,33.8302961,-116.5452921
Palmdale,California,CA,USA,34.5794343,-118.1164613
Panama City,Florida,FL,USA,30.1588129,-85.6602058
Panorama City,California,CA,USA,34.227617,-118.442425
Papillion,Nebraska,NE,USA,41.1544432,-96.0422378
Paris,Texas,TX,USA,33.6609389,-95.55551299999999
Parker,Colorado,CO,USA,39.5186002,-104.7613633
Parkersburg,West Virginia,WV,USA,39.2667418,-81.56151349999999
Parma,Ohio,OH,USA,41.4047742,-81.7229086
Passaic,New Jersey,NJ,USA,40.8567662,-74.1284764
Patchogue,New York,NY,USA,40.7659783,-73.01934299999999
Peabody,Massachusetts,MA,USA,42.5278731,-70.9286609
Peachtree Corners,Georgia,GA,USA,33.9698929,-84.2214551
Pekin,Illinois,IL,USA,40.5675388,-89.640658
Pensacola,Florida,FL,USA,30.42130899999999,-87.2169149
Petoskey,Michigan,MI,USA,45.3733428,-84.9553296
Pico Rivera,California,CA,USA,33.9830688,-118.096735
Pikesville,Maryland,MD,USA,39.3742729,-76.7224727
Pinellas Park,Florida,FL,USA,27.8428025,-82.6995443
Pittsfield,Massachusetts,MA,USA,42.4500845,-73.2453824
Pittston,Pennsylvania,PA,USA,41.3259134,-75.78936039999999
Placerville,California,CA,USA,38.7296252,-120.798546
Plainfield,Illinois,IL,USA,41.632223,-88.2120315
Plattsburgh,New York,NY,USA,44.6994873,-73.4529124
Plover,Wisconsin,WI,USA,44.4563579,-89.5440069
Plymouth,Massachusetts,MA,USA,41.9584457,-70.6672621
Plymouth Meeting,Pennsylvania,PA,USA,40.1023319,-75.2743467
Pocatello,Idaho,ID,USA,42.8713032,-112.4455344
Pomona,California,CA,USA,34.055103,-117.7499909
Pompano Beach,Florida,FL,USA,26.2378597,-80.1247667
Port Arthur,Texas,TX,USA,29.8849504,-93.93994699999999
Port Charlotte,Florida,FL,USA,26.9761707,-82.09064479999999
Port Chester,New York,NY,USA,41.0017643,-73.66568339999999
Portsmouth,New Hampshire,NH,USA,43.0717552,-70.7625532
Prattville,Alabama,AL,USA,32.4640245,-86.4596966
Prescott Valley,Arizona,AZ,USA,34.6100243,-112.315721
Prince Frederick,Maryland,MD,USA,38.5403996,-76.5844017
Pueblo,Colorado,CO,USA,38.2544472,-104.6091409
Puyallup,Washington,WA,USA,47.1853785,-122.2928974
Quakertown,Pennsylvania,PA,USA,40.4417682,-75.3415667
Queensbury,New York,NY,USA,43.353627,-73.6771662
Racine,Wisconsin,WI,USA,42.7261309,-87.78285230000002
Rancho Cordova,California,CA,USA,38.5890723,-121.302728
Rancho Mirage,California,CA,USA,33.739744,-116.41279
Rancho Santa Margarita,California,CA,USA,33.640855,-117.603104
Reading,Pennsylvania,PA,USA,40.3356483,-75.9268747
Reading,Massachusetts,MA,USA,42.5256563,-71.0952891
Redlands,California,CA,USA,34.0555693,-117.1825381
Redondo Beach,California,CA,USA,33.8491816,-118.3884078
Rensselaer,New York,NY,USA,42.6425794,-73.742898
Renton,Washington,WA,USA,47.48287759999999,-122.2170661
Reston,Virginia,VA,USA,38.9586307,-77.35700279999999
Reynoldsburg,Ohio,OH,USA,39.9547861,-82.81211909999999
Rialto,California,CA,USA,34.1064001,-117.3703235
Richardson,Texas,TX,USA,32.9483335,-96.7298519
Ridgecrest,California,CA,USA,35.6224561,-117.6708966
Ridgeland,Mississippi,MS,USA,32.4284761,-90.1323087
Rincon,Georgia,GA,USA,32.2960289,-81.2353905
Riverdale,Utah,UT,USA,41.1768888,-112.0038311
Roanoke,Virginia,VA,USA,37.2709704,-79.9414266
Rochester,New Hampshire,NH,USA,43.304526,-70.97561859999999
Rock Springs,Wyoming,WY,USA,41.58746439999999,-109.2029043
Rocklin,California,CA,USA,38.7907339,-121.2357828
Rockwall,Texas,TX,USA,32.93123360000001,-96.4597089
Rocky Mount,North Carolina,NC,USA,35.9382103,-77.7905339
Rogers,Arkansas,AR,USA,36.3320196,-94.1185366
Rome,Georgia,GA,USA,34.257038,-85.1646726
Roseville,Minnesota,MN,USA,45.0060767,-93.15661070000002
Roseville,Michigan,MI,USA,42.4972583,-82.9371409
Roslindale,Massachusetts,MA,USA,42.2832142,-71.1270268
Rutland,Vermont,VT,USA,43.6106237,-72.9726065
Saint Clairsville,Ohio,OH,USA,40.0803199,-80.90176
Saint Cloud,Minnesota,MN,USA,45.5579451,-94.16324039999999
Saint George,Utah,UT,USA,37.0965278,-113.5684164
Saint Peters,Missouri,MO,USA,38.7874699,-90.6298922
Saint Petersburg,Florida,FL,USA,27.773056,-82.64
Salem,Virginia,VA,USA,37.2934681,-80.05476259999999
Salina,Kansas,KS,USA,38.8402805,-97.61142369999999
Salinas,California,CA,USA,36.6777372,-121.6555013
Salisbury,North Carolina,NC,USA,35.6709727,-80.4742261
Salisbury,Maryland,MD,USA,38.3606736,-75.5993692
San Luis Obispo,California,CA,USA,35.2827524,-120.6596156
San Mateo,California,CA,USA,37.5629917,-122.3255254
Sanford,Florida,FL,USA,28.8028612,-81.269453
Sanford,North Carolina,NC,USA,35.4798757,-79.1802994
Santa Clarita,California,CA,USA,34.3916641,-118.542586
Santa Cruz,California,CA,USA,36.9741171,-122.0307963
Santa Fe,New Mexico,NM,USA,35.6869752,-105.937799
Santa Fe Springs,California,CA,USA,33.9472359,-118.0853451
Santee,California,CA,USA,32.8383828,-116.9739167
Saratoga Springs,New York,NY,USA,43.0831301,-73.7845651
Saugus,Massachusetts,MA,USA,42.4651421,-71.0110473
Savannah,Georgia,GA,USA,32.0835407,-81.09983419999999
Schaumburg,Illinois,IL,USA,42.0333607,-88.0834059
Schenectady,New York,NY,USA,42.8142432,-73.9395687
Schertz,Texas,TX,USA,29.5521737,-98.269734
Scottsbluff,Nebraska,NE,USA,41.8666341,-103.6671662
Sea Girt,New Jersey,NJ,USA,40.1320592,-74.0345813
Sebring,Florida,FL,USA,27.495592,-81.440907
Seekonk,Massachusetts,MA,USA,41.808434,-71.3369972
Selinsgrove,Pennsylvania,PA,USA,40.7989735,-76.8621935
Selma,Texas,TX,USA,29.5843948,-98.3058463
Seneca,South Carolina,SC,USA,34.6856555,-82.9532036
Sevierville,Tennessee,TN,USA,35.8681455,-83.56183500000002
Sewickley,Pennsylvania,PA,USA,40.5364846,-80.1844243
Shelby,North Carolina,NC,USA,35.2923513,-81.5356463
Sherman Oaks,California,CA,USA,34.1489719,-118.451357
Shrewsbury,Massachusetts,MA,USA,42.2959267,-71.71284709999999
Sierra Vista,Arizona,AZ,USA,31.5455001,-110.2772856
Simi Valley,California,CA,USA,34.2694474,-118.781482
Simpsonville,South Carolina,SC,USA,34.7370639,-82.25428339999999
Sioux City,Iowa,IA,USA,42.4999942,-96.40030689999999
Sioux Falls,South Dakota,SD,USA,43.5445959,-96.73110340000001
Smyrna,Georgia,GA,USA,33.8839926,-84.51437609999999
Smyrna,Tennessee,TN,USA,35.9828412,-86.5186045
Snellville,Georgia,GA,USA,33.857328,-84.0199108
Somerset,Pennsylvania,PA,USA,40.008411,-79.0780831
South Boston,Virginia,VA,USA,36.6987493,-78.9013987
South Burlington,Vermont,VT,USA,44.4669941,-73.1709604
South Plainfield,New Jersey,NJ,USA,40.5792701,-74.4115401
South Windsor,Connecticut,CT,USA,41.8489872,-72.57175509999999
Southlake,Texas,TX,USA,32.9412363,-97.1341783
Spanish Fork,Utah,UT,USA,40.114955,-111.654923
Spartanburg,South Carolina,SC,USA,34.9495672,-81.9320482
Spokane Valley,Washington,WA,USA,47.6732281,-117.2393748
Springfield,Illinois,IL,USA,39.78172130000001,-89.6501481
Springfield,Missouri,MO,USA,37.2089572,-93.29229889999999
Springfield,Pennsylvania,PA,USA,39.9306677,-75.32018780000001
Springfield,Virginia,VA,USA,38.7892801,-77.18720359999999
Springfield,Massachusetts,MA,USA,42.1014831,-72.589811
St Petersburg,Florida,FL,USA,27.773056,-82.64
Stafford,Virginia,VA,USA,38.4220687,-77.4083086
Staten Island,New York,NY,USA,40.5795317,-74.1502007
Staunton,Virginia,VA,USA,38.149576,-79.0716958
Stroudsburg,Pennsylvania,PA,USA,40.9867609,-75.1946248
Suffolk,Virginia,VA,USA,36.7282054,-76.5835621
Summerville,South Carolina,SC,USA,33.0185039,-80.17564809999999
Surprise,Arizona,AZ,USA,33.6292337,-112.3679279
Tacoma,Washington,WA,USA,47.2528768,-122.4442906
Tallahassee,Florida,FL,USA,30.4382559,-84.28073289999999
Tarentum,Pennsylvania,PA,USA,40.6014555,-79.75977089999999
Taunton,Massachusetts,MA,USA,41.900101,-71.0897674
Taylor,Michigan,MI,USA,42.240872,-83.2696509
Taylors,South Carolina,SC,USA,34.9203946,-82.2962268
Temple,Texas,TX,USA,31.0982344,-97.342782
Temple Terrace,Florida,FL,USA,28.0352964,-82.3892596
Terre Haute,Indiana,IN,USA,39.4667034,-87.41390919999999
Texarkana,Texas,TX,USA,33.425125,-94.04768820000001
Thatcher,Arizona,AZ,USA,32.8492323,-109.7592479
Thomasville,Georgia,GA,USA,30.8365815,-83.9787808
Timonium,Maryland,MD,USA,39.4370508,-76.6196915
Topeka,Kansas,KS,USA,39.0558235,-95.68901849999999
Torrance,California,CA,USA,33.8358492,-118.3406288
Traverse City,Michigan,MI,USA,44.7630567,-85.62063169999999
Trevose,Pennsylvania,PA,USA,40.1392766,-74.9810019
Triadelphia,West Virginia,WV,USA,40.0525734,-80.62840969999999
Tucker,Georgia,GA,USA,33.8545479,-84.2171424
Tukwila,Washington,WA,USA,47.4739884,-122.2609558
Tuscaloosa,Alabama,AL,USA,33.2098407,-87.56917349999999
Tustin,California,CA,USA,33.7458511,-117.826166
Twin Falls,Idaho,ID,USA,42.5629668,-114.4608711
Twinsburg,Ohio,OH,USA,41.3125552,-81.4401129
Tyler,Texas,TX,USA,32.3512601,-95.30106239999999
Ukiah,California,CA,USA,39.1501709,-123.2077831
Union,New Jersey,NJ,USA,40.6975898,-74.26316349999999
Union City,California,CA,USA,37.5933918,-122.0438298
Uniontown,Pennsylvania,PA,USA,39.900076,-79.71643259999999
Utica,Michigan,MI,USA,42.6261446,-83.0335384
Valdosta,Georgia,GA,USA,30.8327022,-83.2784851
Valencia,California,CA,USA,34.4560447,-118.5713357
Valhalla,New York,NY,USA,41.0748188,-73.77513259999999
Valley Stream,New York,NY,USA,40.6642699,-73.70846449999999
Valparaiso,Indiana,IN,USA,41.4730948,-87.0611412
Venice,Florida,FL,USA,27.0997775,-82.4542632
Ventura,California,CA,USA,34.274646,-119.2290316
Vernon Hills,Illinois,IL,USA,42.23933230000001,-87.9653565
Vestal,New York,NY,USA,42.0850747,-76.05381299999999
Victor,New York,NY,USA,42.9825633,-77.4088794
Victorville,California,CA,USA,34.5362184,-117.2927641
Vidalia,Georgia,GA,USA,32.2176855,-82.4134614
Visalia,California,CA,USA,36.3302284,-119.2920585
Waco,Texas,TX,USA,31.549333,-97.1466695
Wake Forest,North Carolina,NC,USA,35.9798734,-78.50972279999999
Waldorf,Maryland,MD,USA,38.6265124,-76.9105483
Walterboro,South Carolina,SC,USA,32.9051704,-80.6667688
Waltham,Massachusetts,MA,USA,42.3764852,-71.2356113
Warren,New Jersey,NJ,USA,40.6342489,-74.50047959999999
Warrenton,Virginia,VA,USA,38.7134516,-77.7952712
Warrington,Pennsylvania,PA,USA,40.2492741,-75.1340604
Washington,Pennsylvania,PA,USA,40.17396,-80.2461714
Waterford,Connecticut,CT,USA,41.3542395,-72.164816
Watertown,New York,NY,USA,43.9747838,-75.91075649999999
Watertown,Massachusetts,MA,USA,42.3709299,-71.1828321
Wauwatosa,Wisconsin,WI,USA,43.0494572,-88.0075875
Waynesville,North Carolina,NC,USA,35.4887145,-82.98874769999999
Weaverville,California,CA,USA,40.7309778,-122.9419708
Weldon Spring,Missouri,MO,USA,38.713386,-90.6892929
Wenatchee,Washington,WA,USA,47.4234599,-120.3103494
Wentzville,Missouri,MO,USA,38.81144,-90.8529107
West Allis,Wisconsin,WI,USA,43.0166806,-88.0070315
West Chester,Ohio,OH,USA,39.3321262,-84.41726659999999
West Hollywood,California,CA,USA,34.0900091,-118.3617443
West Jordan,Utah,UT,USA,40.6096698,-111.9391031
West Lafayette,Indiana,IN,USA,40.4258686,-86.90806549999999
West Mifflin,Pennsylvania,PA,USA,40.3634026,-79.86643749999999
West Nyack,New York,NY,USA,41.096485,-73.9729162
West Springfield,Massachusetts,MA,USA,42.1070383,-72.6203675
West Valley City,Utah,UT,USA,40.6916132,-112.0010501
Westborough,Massachusetts,MA,USA,42.2695216,-71.61612939999999
Westlake,Ohio,OH,USA,41.4553232,-81.9179173
Westlake Village,California,CA,USA,34.1466467,-118.8073729
Westland,Michigan,MI,USA,42.32420399999999,-83.400211
Westminster,Colorado,CO,USA,39.8366528,-105.0372046
Westminster,Maryland,MD,USA,39.5753791,-76.9958149
Wheaton,Illinois,IL,USA,41.8661403,-88.1070127
Whites Creek,Tennessee,TN,USA,36.2663581,-86.83084009999999
Whiteville,North Carolina,NC,USA,34.3387802,-78.7030721
Whittier,California,CA,USA,33.9791793,-118.032844
Wichita Falls,Texas,TX,USA,33.9137085,-98.4933873
Wilkes Barre,Pennsylvania,PA,USA,41.2459149,-75.88130749999999
Williamsburg,Virginia,VA,USA,37.2707022,-76.7074571
Williamstown,New Jersey,NJ,USA,39.6862263,-74.99516799999999
Willmar,Minnesota,MN,USA,45.1223711,-95.048659
Willow Grove,Pennsylvania,PA,USA,40.1439985,-75.1157286
Willowbrook,Illinois,IL,USA,41.7697533,-87.9358931
Wilmington,Ohio,OH,USA,39.4453393,-83.8285375
Winchester,Virginia,VA,USA,39.1856597,-78.1633341
Winona,Minnesota,MN,USA,44.0553908,-91.6663523
Winston Salem,North Carolina,NC,USA,36.09985959999999,-80.244216
Woburn,Massachusetts,MA,USA,42.4792618,-71.1522765
Woodbridge,New Jersey,NJ,USA,40.5575986,-74.2846022
Woodbridge,Virginia,VA,USA,38.6581722,-77.2497049
Woodbury,New York,NY,USA,41.3645382,-74.1059775
Woodstock,Georgia,GA,USA,34.1014873,-84.5193754
Wooster,Ohio,OH,USA,40.8050565,-81.935143
Worcester,Massachusetts,MA,USA,42.2625932,-71.8022934
Wyomissing,Pennsylvania,PA,USA,40.32953699999999,-75.9652117
Xenia,Ohio,OH,USA,39.6847822,-83.9296526
Yakima,Washington,WA,USA,46.6020711,-120.5058987
Yonkers,New York,NY,USA,40.9312099,-73.89874689999999
York,Pennsylvania,PA,USA,39.9625984,-76.727745
Youngstown,Ohio,OH,USA,41.0997803,-80.6495194
